Service Type,Company,Industry,Country,Website,Email,Phone,LinkedIn,Leader Name,Leader Title,Description,Why Selected,Revenue ($m),EBITDA ($m),Growth Rate,EBITDA Margin,Recommendation
Buy-Side,W.W. Grainger,Industrial Distribution,United States,https://www.grainger.com,investorrelations@grainger.com,+1-847-535-1000,https://www.linkedin.com/company/w.w.-grainger,D.G. Macpherson,CEO,Global industrial distributor,Strong acquisition capacity,15000,,0.08,0.15,High-priority Buy-Side Target
Buy-Side,Ferguson,Distribution & Services,United States,https://www.ferguson.com,investorrelations@ferguson.com,+1-757-874-7795,https://www.linkedin.com/company/ferguson-official,Kevin Murphy,CEO,HVAC and plumbing distributor,Strategic expansion,25000,,0.10,0.16,High-priority Buy-Side Target
Buy-Side,WESCO,Industrial Distribution,United States,https://www.wesco.com,investorrelations@wesco.com,+1-412-454-2200,https://www.linkedin.com/company/wesco,John Engel,CEO,Electrical distributor,Strong consolidator,18000,,0.09,0.14,High-priority Buy-Side Target
Buy-Side,Fastenal,Industrial Distribution,United States,https://www.fastenal.com,investorrelations@fastenal.com,+1-507-454-5374,https://www.linkedin.com/company/fastenal,Dan Florness,CEO,Industrial supply firm,Growth platform,7000,,0.11,0.18,High-priority Buy-Side Target
Buy-Side,Core & Main,Infrastructure Distribution,United States,https://www.coreandmain.com,investorrelations@coreandmain.com,+1-314-432-6900,https://www.linkedin.com/company/core-main,Steve LeClair,CEO,Water infrastructure distributor,High relevance,6000,,0.12,0.17,High-priority Buy-Side Target
Buy-Side,Quanta Services,Infrastructure Services,United States,https://quantaservices.com,investorrelations@quantaservices.com,+1-713-629-7600,https://www.linkedin.com/company/quanta-services,Duke Austin,CEO,Infrastructure contractor,Strategic buyer,20000,,0.10,0.15,High-priority Buy-Side Target
Buy-Side,APi Group,Specialty Services,United States,https://www.apigroupinc.com,investorrelations@apigroupinc.com,+1-651-636-4320,https://www.linkedin.com/company/api-group-inc-,Russ Becker,CEO,Fire and safety services,Active M&A,7000,,0.11,0.16,High-priority Buy-Side Target
Buy-Side,CDW,IT Services,United States,https://www.cdw.com,investorrelations@cdw.com,+1-847-465-6000,https://www.linkedin.com/company/cdw,Christine Leahy,CEO,IT solutions provider,Expansion potential,21000,,0.09,0.14,High-priority Buy-Side Target
Buy-Side,Kaseya,Software,United States,https://www.kaseya.com,info@kaseya.com,+1-305-285-2800,https://www.linkedin.com/company/kaseya,Fred Voccola,CEO,MSP software platform,Roll-up strategy,2000,,0.15,0.20,High-priority Buy-Side Target
Buy-Side,DXP Enterprises,Industrial Distribution,United States,https://www.dxpe.com,info@dxpe.com,+1-713-996-4700,https://www.linkedin.com/company/dxp-enterprises-inc-,David Little,CEO,Industrial distributor,Regional growth,1500,,0.10,0.15,Medium-priority Buy-Side Target
Buy-Side,Applied Industrial Technologies,Industrial Distribution,United States,https://www.applied.com,investorrelations@applied.com,+1-216-426-4000,https://www.linkedin.com/company/applied-industrial-technologies,Neil Schrimsher,CEO,Industrial distributor,Strong automation exposure,4500,,0.09,0.14,High-priority Buy-Side Target
Buy-Side,MSC Industrial Direct,Industrial Distribution,United States,https://www.mscdirect.com,investorrelations@mscdirect.com,+1-516-812-2000,https://www.linkedin.com/company/msc-industrial-supply-co-,Erik Gershwind,CEO,MRO distributor,Stable cash flows,3500,,0.08,0.13,Medium-priority Buy-Side Target
Buy-Side,Airgas,Industrial Gas Distribution,United States,https://www.airgas.com,info@airgas.com,+1-610-687-5253,https://www.linkedin.com/company/airgas,,CEO,Industrial gas supplier,Essential services exposure,6000,,0.07,0.15,Medium-priority Buy-Side Target
Buy-Side,EMCOR Group,Facility Services,United States,https://www.emcorgroup.com,investorrelations@emcorgroup.com,+1-203-849-7800,https://www.linkedin.com/company/emcor-group-inc-,Tony Guzzi,CEO,Mechanical and electrical services,Strong infrastructure play,11000,,0.10,0.14,High-priority Buy-Side Target
Buy-Side,Comfort Systems USA,HVAC Services,United States,https://www.comfortsystemsusa.com,investorrelations@comfortsystemsusa.com,+1-713-830-9600,https://www.linkedin.com/company/comfort-systems-usa,Brian Lane,CEO,HVAC contractor,Consolidation platform,4500,,0.11,0.15,High-priority Buy-Side Target
Buy-Side,ABM Industries,Facility Services,United States,https://www.abm.com,investorrelations@abm.com,+1-212-297-0200,https://www.linkedin.com/company/abm-industries,Scott Salmirs,CEO,Facility services provider,Recurring revenue,8000,,0.09,0.13,Medium-priority Buy-Side Target
Buy-Side,Cintas,Business Services,United States,https://www.cintas.com,investorrelations@cintas.com,+1-513-459-1200,https://www.linkedin.com/company/cintas,Todd Schneider,CEO,Business services firm,High margin model,9000,,0.10,0.17,High-priority Buy-Side Target
Buy-Side,Republic Services,Environmental Services,United States,https://www.republicservices.com,investorrelations@republicservices.com,+1-480-627-2700,https://www.linkedin.com/company/republic-services,Jon Vander Ark,CEO,Waste management firm,Stable infrastructure play,15000,,0.08,0.15,Medium-priority Buy-Side Target
Buy-Side,Waste Management,Environmental Services,United States,https://www.wm.com,investorrelations@wm.com,+1-713-512-6200,https://www.linkedin.com/company/waste-management,Jim Fish,CEO,Waste services leader,Strong market position,20000,,0.09,0.16,High-priority Buy-Side Target
Buy-Side,Ritchie Bros.,Industrial Services,Canada,https://www.rbauction.com,investorrelations@rbglobal.com,+1-604-273-7564,https://www.linkedin.com/company/ritchie-bros-,Ann Fandozzi,CEO,Auction services firm,Asset-heavy model,1200,,0.10,0.15,Medium-priority Buy-Side Target
Buy-Side,United Rentals,Equipment Rental,United States,https://www.unitedrentals.com,investorrelations@ur.com,+1-203-622-3131,https://www.linkedin.com/company/united-rentals,Matthew Flannery,CEO,Equipment rental leader,Infrastructure growth,11000,,0.12,0.18,High-priority Buy-Side Target
Buy-Side,Ashtead Group,Equipment Rental,UK,https://www.ashtead-group.com,info@ashtead-group.com,+44-20-7726-9700,https://www.linkedin.com/company/ashtead-group,Brendan Horgan,CEO,Rental services firm,Expansion strategy,9000,,0.11,0.17,High-priority Buy-Side Target
Sell-Side,Border States,Industrial Distribution,United States,https://www.borderstates.com,info@borderstates.com,+1-701-293-0451,https://www.linkedin.com/company/borderstates,David White,CEO,Electrical distributor,Strong sell-side candidate,3000,,0.10,0.15,High-priority Sell-Side Target
Sell-Side,Winsupply,Distribution,United States,https://company.winsupply.com,info@winsupply.com,+1-937-778-4200,https://www.linkedin.com/company/winsupply,Robert Smiley,CEO,HVAC distributor,Private network strength,4000,,0.09,0.14,High-priority Sell-Side Target
Sell-Side,BradyPLUS,Facility Services,United States,https://www.bradyplus.com,info@bradyplus.com,+1-847-273-0100,https://www.linkedin.com/company/bradyplus,,CEO,Facility solutions firm,Strategic interest,1200,,0.11,0.16,High-priority Sell-Side Target
Sell-Side,BlackHawk Industrial,Industrial Distribution,United States,https://www.bhid.com,info@bhid.com,+1-918-492-0500,https://www.linkedin.com/company/blackhawk-industrial,,CEO,Industrial distributor,PE-backed,1000,,0.12,0.18,High-priority Sell-Side Target
Sell-Side,Kimball Midwest,Industrial Distribution,United States,https://www.kimballmidwest.com,info@kimballmidwest.com,+1-614-951-2360,https://www.linkedin.com/company/kimball-midwest,Pat O’Brien,CEO,MRO distributor,Niche strength,800,,0.10,0.15,High-priority Sell-Side Target
Sell-Side,Endries International,Industrial Distribution,United States,https://www.endries.com,info@endries.com,+1-920-569-5200,https://www.linkedin.com/company/endries-international,,CEO,Fastener distributor,Specialty focus,900,,0.11,0.17,High-priority Sell-Side Target
Sell-Side,Shorr Packaging,Packaging Distribution,United States,https://www.shorr.com,info@shorr.com,+1-630-462-8000,https://www.linkedin.com/company/shorr-packaging,,CEO,Packaging firm,Buyer demand,700,,0.12,0.16,High-priority Sell-Side Target
Sell-Side,TDIndustries,Field Services,United States,https://www.tdindustries.com,info@tdindustries.com,+1-972-888-9500,https://www.linkedin.com/company/tdindustries,Harley Ellis,CEO,Mechanical services,Industry alignment,1200,,0.10,0.15,High-priority Sell-Side Target
Sell-Side,Limbach,Building Services,United States,https://www.limbachinc.com,info@limbachinc.com,+1-412-359-2100,https://www.linkedin.com/company/limbach,Michael McCann,CEO,Building systems firm,Strategic interest,900,,0.09,0.14,Medium-priority Sell-Side Target
Sell-Side,Vixxo,Facility Services,United States,https://www.vixxo.com,info@vixxo.com,+1-480-970-0700,https://www.linkedin.com/company/vixxo,Jim Lynch,CEO,Facility maintenance,Fragmented market,600,,0.11,0.16,Medium-priority Sell-Side Target
Sell-Side,DSG Supply,Distribution,United States,https://www.dsgsupply.com,info@dsgsupply.com,+1-701-281-4400,https://www.linkedin.com/company/dsgsupply,,CEO,Wholesale distributor,Regional growth,500,,0.10,0.15,Medium-priority Sell-Side Target
Sell-Side,Mayer,Electrical Distribution,United States,https://www.mayerelectric.com,info@mayerelectric.com,+1-205-251-5500,https://www.linkedin.com/company/mayer-hq,,CEO,Electrical distributor,Private ownership,700,,0.10,0.14,Medium-priority Sell-Side Target
Sell-Side,Turtle,Industrial Distribution,United States,https://www.turtle.com,info@turtle.com,+1-732-574-3600,https://www.linkedin.com/company/turtle-%26-hughes,,CEO,Industrial distributor,Consolidation target,1000,,0.11,0.15,Medium-priority Sell-Side Target
Sell-Side,Singer Industrial,Industrial Services,United States,https://singerindustrial.com,info@singerindustrial.com,+1-412-787-8000,https://www.linkedin.com/company/singer-industrial,,CEO,Industrial services firm,PE interest,800,,0.12,0.16,Medium-priority Sell-Side Target
Sell-Side,City Wide Facility Solutions,Facility Services,United States,https://gocitywide.com,info@gocitywide.com,+1-913-888-5656,https://www.linkedin.com/company/city-wide-facility-solutions,,CEO,Facility services firm,Local network strength,600,,0.11,0.15,Medium-priority Sell-Side Target
Sell-Side,Aramsco,Industrial Distribution,United States,https://www.aramsco.com,info@aramsco.com,+1-610-565-4200,https://www.linkedin.com/company/aramsco,,CEO,Industrial distributor,Specialty niche,500,,0.10,0.14,Medium-priority Sell-Side Target
Sell-Side,Motion Industries,Industrial Distribution,United States,https://www.motion.com,info@motion.com,+1-205-995-7500,https://www.linkedin.com/company/motion-industries,,CEO,Bearing and power transmission distributor,Strong buyer interest,7000,,0.09,0.15,High-priority Sell-Side Target
Sell-Side,Sunbelt Rentals,Equipment Rental,United States,https://www.sunbeltrentals.com,info@sunbeltrentals.com,+1-803-578-1000,https://www.linkedin.com/company/sunbelt-rentals,,CEO,Equipment rental firm,Infrastructure demand,8000,,0.11,0.17,High-priority Sell-Side Target
Sell-Side,H&E Equipment Services,Equipment Rental,United States,https://www.he-equipment.com,info@he-equipment.com,+1-225-298-5200,https://www.linkedin.com/company/h-e-equipment-services,,CEO,Rental services firm,Acquisition target,1300,,0.10,0.16,Medium-priority Sell-Side Target
Sell-Side,Alta Equipment Group,Industrial Services,United States,https://www.altaequipment.com,info@altaequipment.com,+1-248-437-7300,https://www.linkedin.com/company/alta-equipment-company,,CEO,Industrial equipment services,Strong regional player,1500,,0.11,0.15,Medium-priority Sell-Side Target
Sell-Side,BlueLinx,Building Products Distribution,United States,https://www.bluelinxco.com,info@bluelinxco.com,+1-770-953-7000,https://www.linkedin.com/company/bluelinx-corporation,,CEO,Building materials distributor,Industry consolidation,3000,,0.09,0.14,Medium-priority Sell-Side Target
Sell-Side,GMS Inc,Building Products Distribution,United States,https://www.gms.com,info@gms.com,+1-678-999-0130,https://www.linkedin.com/company/gms-inc,,CEO,Specialty building materials,High fragmentation,3500,,0.10,0.15,Medium-priority Sell-Side Target
Sell-Side,Beacon Roofing Supply,Building Products Distribution,United States,https://www.becn.com,info@becn.com,+1-571-323-3939,https://www.linkedin.com/company/beacon-roofing-supply,,CEO,Roofing distributor,Strong demand,8000,,0.10,0.15,High-priority Sell-Side Target
Sell-Side,HD Supply,Industrial Distribution,United States,https://hdsupply.com,info@hdsupply.com,+1-770-852-9000,https://www.linkedin.com/company/hd-supply,,CEO,Industrial distributor,Private equity interest,6000,,0.09,0.14,High-priority Sell-Side Target
Sell-Side,White Cap,Construction Supply,United States,https://www.whitecap.com,info@whitecap.com,+1-770-852-9000,https://www.linkedin.com/company/white-cap,,CEO,Construction distributor,Strategic buyers,5000,,0.10,0.15,High-priority Sell-Side Target
